-- Inserting data into the EMPRESA (Company) table
INSERT INTO EMPRESA VALUES ('12345678000199', 'Expresso Rápido', '01001000', '123', 'Av. Paulista');
INSERT INTO EMPRESA VALUES ('98765432000188', 'Transporte Seguro', '02002000', '456', 'Rua das Flores');
INSERT INTO EMPRESA VALUES ('11223344000177', 'Viação Estrela', '03003000', '789', 'Rua Central');

-- Inserting company contacts
INSERT INTO CONTATOS VALUES ('12345678000199', 'contact@expressorapido.com');
INSERT INTO CONTATOS VALUES ('98765432000188', 'contact@transporteseguro.com');
INSERT INTO CONTATOS VALUES ('11223344000177', 'support@viacaoestrela.com');

-- Inserting directors
INSERT INTO DIRETOR VALUES ('11122233344', 'Carlos Souza', '12345678000199');
INSERT INTO DIRETOR VALUES ('55566677788', 'Ana Lima', '98765432000188');
INSERT INTO DIRETOR VALUES ('99900011122', 'Paulo Mendes', '11223344000177');

-- Inserting employees
INSERT INTO FUNCIONARIO VALUES ('88899900011', 'Roberta Castro', 4000.00, NULL, '11223344000177');
INSERT INTO FUNCIONARIO VALUES ('22233344455', 'João Silva', 3500.00, '88899900011', '11223344000177');
INSERT INTO FUNCIONARIO VALUES ('66677788899', 'Maria Oliveira', 3200.00, '88899900011', '11223344000177');
INSERT INTO FUNCIONARIO VALUES ('88899900015', 'Jorge Mateus', 4000.00, NULL, '98765432000188');
INSERT INTO FUNCIONARIO VALUES ('22233344454', 'Marcos Cardoso', 3500.00, '88899900015', '98765432000188');
INSERT INTO FUNCIONARIO VALUES ('66677788892', 'Maria Nascimento', 3200.00, NULL, '12345678000199');

-- Inserting drivers
INSERT INTO MOTORISTA VALUES ('22233344455', '12345678900');
INSERT INTO MOTORISTA VALUES ('22233344454', '12345678901');
INSERT INTO MOTORISTA VALUES ('66677788899', '09876543211');
INSERT INTO MOTORISTA VALUES ('66677788892', '09876543212');
INSERT INTO MOTORISTA VALUES ('88899900015', '09876543213');



-- Inserting buses
INSERT INTO ONIBUS VALUES ('3UWrLmN3JfJWm3543', '12345678000199');
INSERT INTO ONIBUS VALUES ('1Kbr3Yhx4Ycuk5008', '98765432000188');
INSERT INTO ONIBUS VALUES ('6LjF1cbjljau65822', '11223344000177');

-- Inserting trips
INSERT INTO VIAGEM VALUES ('V001', 'Linha 1', 'São Paulo', 'Rio de Janeiro');
INSERT INTO VIAGEM VALUES ('V002', 'Linha 2', 'Belo Horizonte', 'Salvador');
INSERT INTO VIAGEM VALUES ('V003', 'Linha 3', 'Brasília', 'Fortaleza');
INSERT INTO VIAGEM VALUES ('V004', 'Linha 4', 'Curitiba', 'Porto Alegre');
INSERT INTO VIAGEM VALUES ('V005', 'Linha 5', 'Recife', 'Natal');

-- Inserting driving records
INSERT INTO CONDUZ VALUES ('3UWrLmN3JfJWm3543', '22233344455', 'V001', TO_DATE('19/03/2025','DD/MM/YYYY'));
INSERT INTO CONDUZ VALUES ('1Kbr3Yhx4Ycuk5008', '66677788899', 'V002', TO_DATE('20/03/2025','DD/MM/YYYY'));
INSERT INTO CONDUZ VALUES ('6LjF1cbjljau65822', '22233344455', 'V003', TO_DATE('21/03/2025','DD/MM/YYYY'));
INSERT INTO CONDUZ VALUES ('3UWrLmN3JfJWm3543', '66677788899', 'V004', TO_DATE('22/03/2025','DD/MM/YYYY'));
INSERT INTO CONDUZ VALUES ('1Kbr3Yhx4Ycuk5008', '22233344455', 'V005', TO_DATE('23/03/2025','DD/MM/YYYY'));

-- Inserting maintenance records
INSERT INTO MANUTENCAO VALUES ('3UWrLmN3JfJWm3543', 'M001');
INSERT INTO MANUTENCAO VALUES ('1Kbr3Yhx4Ycuk5008', 'M002');
INSERT INTO MANUTENCAO VALUES ('6LjF1cbjljau65822', 'M003');

-- Inserting repair shops
INSERT INTO OFICINA VALUES ('O01');
INSERT INTO OFICINA VALUES ('O02');
INSERT INTO OFICINA VALUES ('O03');

-- Inserting inspections
INSERT INTO INSPECAO VALUES (1, 'CORRETIVA');
INSERT INTO INSPECAO VALUES (2, NULL);

-- Inserting maintenance events
INSERT INTO ACONTECE VALUES ('3UWrLmN3JfJWm3543', 'M001', 'O01', 1);
INSERT INTO ACONTECE VALUES ('1Kbr3Yhx4Ycuk5008', 'M002', 'O02', 2);
INSERT INTO ACONTECE VALUES ('6LjF1cbjljau65822', 'M003', 'O03', NULL);
INSERT INTO ACONTECE VALUES ('6LjF1cbjljau65822', 'M003', 'O01', NULL);

-- Inserting passengers
INSERT INTO PASSAGEIRO VALUES ('33344455566', 'Fernando Lima');
INSERT INTO PASSAGEIRO VALUES ('77788899900', 'Juliana Santos');
INSERT INTO PASSAGEIRO VALUES ('11122233377', 'Gabriel Costa');
INSERT INTO PASSAGEIRO VALUES ('88877766655', 'Mariana Rocha');
INSERT INTO PASSAGEIRO VALUES ('55544433322', 'Lucas Almeida');

-- Inserting discount types
INSERT INTO DESCONTO VALUES ('D001', 10.00);
INSERT INTO DESCONTO VALUES ('D002', 15.50);
INSERT INTO DESCONTO VALUES ('D003', 5.00);
INSERT INTO DESCONTO VALUES ('D004', 20.00);

-- Inserting tickets
INSERT INTO PASSAGEM VALUES (100, TO_DATE('19/03/2025','DD/MM/YYYY'), 150.00, 135.00, 'V001', '33344455566', 'D001');
INSERT INTO PASSAGEM VALUES (101, TO_DATE('19/03/2025','DD/MM/YYYY'), 200.00, 169.50, 'V002', '77788899900', 'D002');
INSERT INTO PASSAGEM VALUES (102, TO_DATE('20/03/2025','DD/MM/YYYY'), 180.00, 171.00, 'V003', '11122233377', 'D003');
INSERT INTO PASSAGEM VALUES (103, TO_DATE('21/03/2025','DD/MM/YYYY'), 250.00, 200.00, 'V004', '88877766655', NULL);
INSERT INTO PASSAGEM VALUES (104, TO_DATE('22/03/2025','DD/MM/YYYY'), 120.00, 108.00, 'V005', '55544433322', NULL);
INSERT INTO PASSAGEM VALUES (105, TO_DATE('22/03/2025','DD/MM/YYYY'), 120.00, 108.00, 'V005', '55544433322', NULL);
